147711	RV-A	Rhinovirus A	JF285324.1
147711	RV-A	Rhinovirus A	JN562727.1
147711	RV-A	Rhinovirus A	JN621243.1
147711	RV-A	Rhinovirus A	JN798579.1
147711	RV-A	Rhinovirus A	JN798587.1
147711	RV-A	Rhinovirus A	JN990705.1
147711	RV-A	Rhinovirus A	JX074049.1
147711	RV-A	Rhinovirus A	KR871675.1
147711	RV-A	Rhinovirus A	MH828515.1
147711	RV-A	Rhinovirus A	MK501733.1
147711	RV-A	Rhinovirus A	MK989734.1
147711	RV-A	Rhinovirus A	MW587056.1
147711	RV-A	Rhinovirus A	MW587065.1
147711	RV-A	Rhinovirus A	MW587073.1
147711	RV-A	Rhinovirus A	MW587079.1
147711	RV-A	Rhinovirus A	MW587081.1
147711	RV-A	Rhinovirus A	MW587093.1
147711	RV-A	Rhinovirus A	MW587094.1
147711	RV-A	Rhinovirus A	MW679008.1
147711	RV-A	Rhinovirus A	NC_001617.1
147711	RV-A	Rhinovirus A	OP342708.1
147711	RV-A	Rhinovirus A	OQ747182.1
147711	RV-A	Rhinovirus A	PP991506.1
147711	RV-A	Rhinovirus A	PP991508.1
147711	RV-A	Rhinovirus A	PV423891.1
147711	RV-A	Rhinovirus A	PV423925.1
147711	RV-A	Rhinovirus A	PV423936.1
147711	RV-A	Rhinovirus A	PV423965.1
147711	RV-A	Rhinovirus A	PV423971.1
147711	RV-A	Rhinovirus A	PV423980.1
147711	RV-A	Rhinovirus A	PV423981.1
147711	RV-A	Rhinovirus A	PV423988.1
147711	RV-A	Rhinovirus A	PX282684.1
147711	RV-A	Rhinovirus A	PX282704.1
147711	RV-A	Rhinovirus A	PX282722.1
147711	RV-A	Rhinovirus A	PX282741.1
