208893	RSV-A	Human respiratory syncytial virus A	NC_001803.1
208895	RSV-B	Human respiratory syncytial virus B	NC_001781.1
11137	HCoV-229E	Human coronavirus 229E	NC_002645.1
290028	HCoV-HKU1	Human coronavirus HKU1	NC_006577.2
277944	HCoV-NL63	Human coronavirus NL63	NC_005831.2
31631	HCoV-OC43	Human coronavirus OC43	NC_006213.1
1335626	MERS-CoV	Middle East Respiratory Syndrome CoV	NC_019843.3
2901879	SARS-CoV	SARS CoV	NC_004718.3
2697049	SARS-CoV-2	Severe acute respiratory syndrome coronavirus 2	NC_045512.2
694008	HKU5-CoV	Pipistrellus bat coronavirus HKU5	NC_009020.1
641809	A	Influenza A virus (A/California/07/2009(H1N1))	NC_026438.1:NC_026435.1:NC_026437.1:NC_026433.1:NC_026436.1:NC_026434.1:NC_026431.1:NC_026432.1
488241	A	Influenza A virus (A/Korea/426/1968(H2N2))	NC_007378.1:NC_007375.1:NC_007376.1:NC_007374.1:NC_007381.1:NC_007382.1:NC_007377.1:NC_007380.1
335341	A	Influenza A virus (A/New York/392/2004(H3N2))	NC_007373.1:NC_007372.1:NC_007371.1:NC_007366.1:NC_007369.1:NC_007368.1:NC_007367.1:NC_007370.1
119210	A	Influenza A virus (A/Darwin/6/2021(H3N2))	OQ719004.1:OQ719005.1:OQ719003.1:OQ718999.1:OQ719000.1:OQ718998.1:OQ719002.1:OQ719001.1
93838	A	Influenza A virus (A/goose/Guangdong/1/1996(H5N1))	NC_007357.1:NC_007358.1:NC_007359.1:NC_007362.1:NC_007360.1:NC_007361.1:NC_007363.1:NC_007364.1
93838	A	Influenza A virus (A/Bovine/texas/24-029328-01/2024(H5N1))	PP599462.1:PP599463.1:PP599464.1:PP599465.1:PP599466.1:PP599467.1:PP599468.1:PP599469.1
465975	A	Influenza A virus (A/Washington/2148/2025(H5N5))	PX508207.1:PX508206.1:PX508205.1:PX508201.1:PX508203.1:PX508208.1:PX508202.1:PX508204.1
329376	A	Influenza A virus (A/Yunnan/0127/2015(H5N6))	KT245150.1:KT245149.1:KT245148.1:KT245143.1:KT245146.1:KT245145.1:KT245144.1:KT245147.1
119215	A	Influenza A virus (A/Mexico/InDRE7218/2012(H7N3))	CY125725.1:CY125726.1:CY125727.1:CY125728.1:CY125729.1:CY125730.1:CY125731.1:CY125732.1
325678	A	Influenza A virus (A/Jiangsu/1/2018(H7N4))	MG779873.1:MG779874.1:MG779875.1:MG779876.1:MG779877.1:MG779878.1:MG779879.1:MG779880.1
1332244	A	Influenza A virus (A/Shanghai/02/2013(H7N9))	NC_026422.1:NC_026423.1:NC_026424.1:NC_026425.1:NC_026426.1:NC_026429.1:NC_026427.1:NC_026428.1
130760	A	Influenza A virus (A/Hong Kong/1073/99(H9N2))	NC_004910.1:NC_004911.1:NC_004912.1:NC_004908.1:NC_004905.2:NC_004909.1:NC_004907.1:NC_004906.1
518987	B	Influenza B virus (B/Lee/1940)	NC_002204.1:NC_002205.1:NC_002206.1:NC_002207.1:NC_002208.1:NC_002209.1:NC_002210.1:NC_002211.1
604436	B	Influenza B virus (B/Brisbane/60/2008)	CY115157.1:CY115158.1:CY115156.1:KX058884.1:CY115154.1:CY115153.1:CY115152.1:CY115155.1
1089607	B	Influenza B virus (B/Wisconsin/01/2010)	CY115189.1:CY115190.1:CY115188.1:CY115183.1:CY115186.1:CY115185.1:CY115184.1:CY115187.1
11553	C	Influenza C virus (C/Ann Arbor/1/50)	NC_006307.2:NC_006308.2:NC_006309.2:NC_006310.2:NC_006311.1:NC_006312.2:NC_006306.2
1173138	D	Influenza D virus (D/swine/Oklahoma/1334/2011)	NC_036616.1:NC_036615.1:NC_036619.1:NC_036618.1:NC_036617.1:NC_036620.1:NC_036621.1
162145	HMPV	Human metapneumovirus A	NC_039199.1
162145	HMPV	Human metapneumovirus B	PQ634902.1
12730	HPIV-1	Human respirovirus 1	NC_003461.1
2560525	HPIV-2	Human orthorubulavirus 2	NC_003443.1
11216	HPIV-3	Human respirovirus 3	NC_075446.1
11224	HPIV-4A	Human parainfluenza virus 4a	NC_021928.1
11226	HPIV-4B	Human parainfluenza virus 4b	PV642257.1
129875	HAdV-A	Human mastadenovirus A	AC_000005.1
10528	HAdV-A	Human adenovirus 18	GU191019.1
10529	HAdV-A	Human adenovirus 31	MG872324.1
108098	HAdV-B	Human mastadenovirus B	NC_011202.1
108098	HAdV-B	Human mastadenovirus B	KF633445.1
108098	HAdV-B	Human mastadenovirus B	NC_011203.1
10533	HAdV-C	Human adenovirus 1	AC_000017.1
651580	HAdV-D	Human adenovirus 54	NC_012959.1
130308	HAdV-E	Human mastadenovirus E	NC_003266.2
130309	HAdV-F	Human mastadenovirus F	NC_001454.1
130309	HAdV-F	Human mastadenovirus F	MT791001.1
11053	DENV-1	dengue virus type 1	NC_001477.1
11060	DENV-2	dengue virus type 2	NC_001474.2
11069	DENV-3	dengue virus type 3	NC_001475.2
11070	DENV-4	dengue virus type 4	NC_002640.1
10298	HSV-1	Human herpesvirus type 1	NC_001806.2
10310	HSV-2	Human alphaherpesvirus 2	NC_001798.2
10335	VZV	Human alphaherpesvirus 3	NC_001348.1
10376	EBV	Human herpesvirus 4 type 1	NC_007605.1
12509	EBV	Human herpesvirus 4 type 2	NC_009334.1
10359	CMV	Human betaherpesvirus 5	NC_006273.2
32603	HHV-6	Human betaherpesvirus 6A	NC_001664.4
32604	HHV-6	Human betaherpesvirus 6B	NC_000898.1
10372	HHV-7	Human betaherpesvirus 7	NC_001716.2
37296	HHV-8	Human gammaherpesvirus 8	NC_009333.1
54290	GBV-C	GB virus C	NC_001710.1
186538	Ebola virus	Zaire ebolavirus Mbandaka/2020	OR084851.1
186538	Ebola virus	Zaire ebolavirus Ituri/2018	MK007329.1
186538	Ebola virus	Zaire ebolavirus Tumba/2018	MH733477.1
1891187	Ebola virus	Zaire ebolavirus Makona/2014	KJ660346.2
128951	Ebola virus	Zaire ebolavirus Kikwit/1995	JQ352763.1
128952	Ebola virus	Zaire ebolavirus Mayinga/1976	NC_002549.1
186540	Sudan virus	Sudan ebolavirus 2000/Gulu-808892	NC_006432.1
186540	Sudan virus	Sudan ebolavirus 1976/Boniface-R4142L	MH121162.1
565995		Bundibugyo virus	NC_014373.1
3052225		Henipavirus nipahense	NC_002728.1
186539		Reston ebolavirus	NC_004161.1
3052505	MARV	Marburg virus - Musoke, Kenya, 1980	NC_001608.4
378809		Ravn virus	DQ447649.1
10255		Variola virus	NC_001611.1
2169701	ONN	O'nyong'nyong virus	NC_075006.1
11072		Japanese encephalitis virus	NC_001437.1
11588		Rift valley fever virus	NC_014397.1:NC_014396.1:NC_014395.1
3052480		Orthohantavirus hantanense	NC_005222.1:NC_005219.1:NC_005218.1
3052518	CCHF	Crimean-Congo hemorrhagic fever virus RefSeq	NC_005301.3:NC_005300.2:NC_005302.1
3052518	CCHF	CCHF Senegal UCCR4416	KY484025.1:KY484026.1:KY484027.1
3052518	CCHF	CCHF DRC	KY484046.1:KY484047.1:KY484048.1
3052518	CCHF	CCHF S Africa SPU 44/08	KJ682800.1:KJ682805.1:KJ682824.1
3052518	CCHF	CCHF Pakistan NIHPAK-10/2023	OR964930.1:OR964941.1:OR964919.1
3052518	CCHF	CCHF Turkey Tur_2004_813048	MF511190.1:MF511224.1:MF511207.1
3052518	CCHF	CCHF Greece Pentalofos-Greece-2015	MG516213.1:MG516212.1:MG516211.1
3052518	CCHF	CCHF Nigeria Borno 2012	KX238956.1:KX238957.1:KX238958.1
11082	WNV	West Nile Virus lineage 1 NY99	NC_009942.1
11082	WNV	West Nile Virus lineage 2	NC_001563.2
11082	WNV	West Nile WN02	KJ501448.1
11082	WNV	West Nile SW03	KJ501295.1
11089	YFV	Yellow fever virus RefSeq/vaccine strain	NC_002031.1
11089	YFV	Yellow fever S America I PR5889-BeAn844334	MF370539.1
11089	YFV	Yellow fever S America II BeH413820	JF912181.1
11089	YFV	Yellow fever W Africa I Ogbomosho Nigeria	KU978763.1
11089	YFV	Yellow fever W Africa II 0054K Nigeria	MN958078.1
11089	YFV	Yellow fever Angola CNYF01/2016	KU921608.1
11089	YFV	Yellow fever East Central Africa Uganda 2010	JN620362.1
208726	HAV	Hepatovirus A RefSeq	NC_001489.1
208726	HAV	Hepatovirus A IA Haiti 2016	OK625565.1
208726	HAV	Hepatovirus A IA Japan 2014	LC373510.1
208726	HAV	Hepatovirus A IA Italy 2013	KF773842.1
208726	HAV	Hepatovirus A IB New Hampshire 2013	MK829707.1
208726	HAV	Hepatovirus A IB Thailand 2000	LC128713.1
208726	HAV	Hepatovirus A IB Gabon 2016	LC515201.1
208726	HAV	Hepatovirus A IIA Cameroon 2014	MH933768.1
208726	HAV	Hepatovirus A IIB Sierra Leone 1988	AY644670.1
208726	HAV	Hepatovirus A IIIA India 2008	FJ360732.1
208726	HAV	Hepatovirus A IIIA Japan 1992	AB279733.1
208726	HAV	Hepatovirus A IIIB Japan 1990	AB258387.1
10407	HBV	Hepatitis B virus	NC_003977.2
41856	HCV-1	Hepatitis C virus genotype 1	NC_004102.1
40271	HCV-2	Hepatitis C virus genotype 2	NC_009823.1
356114	HCV-3	Hepatitis C virus genotype 3	NC_009824.1
33745	HCV-4	Hepatitis C virus genotype 4	NC_009825.1
33746	HCV-5	Hepatitis C virus genotype 5	NC_009826.1
42182	HCV-6	Hepatitis C virus genotype 6	NC_009827.1
1544901	HCV-7	Hepatitis C virus genotype 7	NC_030791.1
3087233	ZIKV	Zika virus MR766	NC_012532.1
64320	ZIKV	Zika virus ZIKV/H sapiens/Brazil/Natal/2015	NC_035889.1
118655		Oropouche virus	NC_005776.1:NC_005775.1:NC_005777.1
3052310	LASV	Lassa virus clade II ISTH2376-NIG-2012	KM821997.1:KM821998.1
3052310	LASV	Lassa virus clade III Nig08-A19	GU481073.1:GU481072.1
3052310	LASV	Lassa virus clade IV G502-SLE-2009	KM821772.1:KM821773.1
3052310	LASV	Lassa virus Josiah	NC_004297.1:NC_004296.1
3052310	LASV	Lassa virus Pinneo-NIG-1969	KM822127.1:KM822128.1
619591	MPXV	Monkeypox virus Zaire-96-I-16	PX667572.1
10244	MPXV	Monkeypox virus MPXV-M5312_HM12_Rivers	NC_063383.1
10244	MPXV	Monkeypox virus COP-58	AY753185.1
10244	MPXV	Monkeypox virus Liberia_1970_184	DQ011156.1
10244	MPXV	Monkeypox virus USA_2003_039	DQ011157.1
10244	MPXV	Monkeypox virus strain_A5_Contig_SPADES	MN702444.1
10244	MPXV	Monkeypox virus MPXV_Nigeria_2017_2946	OP535336.1
10244	MPXV	Monkeypox virus Ivory Coast 2012	KJ136820.1
10244	MPXV	Monkeypox virus Nigeria-SE-1971	KJ642617.1
10244	MPXV	Monkeypox virus Yambuku_DRC_1985	KP849471.1
10244	MPXV	Monkeypox virus MPXV-M3021_Delta	MT903339.1
10244	MPXV	Monkeypox virus MPXV-UK_P2	MT903344.1
10244	MPXV	Monkeypox virus MPXV_USA_2022_MA001	ON563414.3
10244	MPXV	Monkeypox virus MPXV_USA_2022_FL001	ON674051.1
10244	MPXV	Monkeypox virus MPXV_USA_2021_MD	ON676708.1
10244	MPXV	Monkeypox virus Monkeypox/PT0033/2022	ON843165.1
689403		Human bocavirus 1	NC_075120.1
573977		Human bocavirus 2	NC_012042.1
638313		Human bocavirus 3	NC_012564.1
1511883		Human bocavirus 4	NC_012729.2
1391667		Human bufavirus 3	NC_024888.1
10798		Human parvovirus B19	NC_000883.2
72197		Human erythrovirus V9	NC_004295.1
289365		Human parvovirus 4	NC_007018.1
2560602		Mumps orthorubulavirus	NC_002200.1
11234		Measles morbillivirus	NC_001498.1
11234		Measles morbillivirus D8	PV870339.1
11041		Rubella virus	NC_001545.2
10497		African swine fever virus	NC_044950.1
10497		African swine fever virus	NC_044951.1
10497		African swine fever virus	NC_044952.1
10497		African swine fever virus	NC_044953.1
10497		African swine fever virus	NC_044954.1
11292		Lyssavirus rabies	EF206707.1
11292		Lyssavirus rabies	MG458319.1
11292		Lyssavirus rabies	JQ685943.1
11292		Lyssavirus rabies	KX148224.1
11292		Lyssavirus rabies	KX148223.1
11292		Lyssavirus rabies	KX148231.1
11292		Lyssavirus rabies	JQ730682.1
11292		Lyssavirus rabies	KX148266.1
11292		Lyssavirus rabies	KX148245.1
11292		Lyssavirus rabies	JQ685895.1
11292		Lyssavirus rabies	JQ685952.1
11292		Lyssavirus rabies	JQ685905.1
11292		Lyssavirus rabies	JQ685901.1
11292		Lyssavirus rabies	JQ685968.1
433732	EV	Echovirus Ams573	EF155423.1
433731	EV	Echovirus Ams721	EF155422.1
145390	EV	Echovirus Sp.	OR786176.1
1193974	EV	Enterovirus	MH933843.1
1193974	EV	Enterovirus	MH933850.1
1193974	EV	Enterovirus	MH933853.1
1193974	EV	Enterovirus	MH933854.1
1193974	EV	Enterovirus	MH933855.1
1193974	EV	Enterovirus	MH933856.1
1193974	EV	Enterovirus	MH933858.1
1193974	EV	Enterovirus	MH933859.1
1193974	EV	Enterovirus	MK318079.1
1193974	EV	Enterovirus	MK318080.1
47681	EV	Enterovirus Sp.	JD568152.1
47681	EV	Enterovirus Sp.	KM361526.1
47681	EV	Enterovirus Sp.	KM361527.1
47681	EV	Enterovirus Sp.	KM361528.1
47681	EV	Enterovirus Sp.	MZ546189.1
47681	EV	Enterovirus Sp.	MZ679264.1
47681	EV	Enterovirus Sp.	MZ679266.1
47681	EV	Enterovirus Sp.	MZ679267.1
47681	EV	Enterovirus Sp.	MZ679284.1
47681	EV	Enterovirus Sp.	MZ679287.1
47681	EV	Enterovirus Sp.	MZ679295.1
47681	EV	Enterovirus Sp.	MZ679311.1
42769	EV-A	Coxsackievirus A10	AY421767.1
42769	EV-A	Coxsackievirus A10	KP289407.1
42769	EV-A	Coxsackievirus A10	MF422531.1
42769	EV-A	Coxsackievirus A10	MF422532.1
42769	EV-A	Coxsackievirus A10	MF678312.1
42769	EV-A	Coxsackievirus A10	MH118068.1
42769	EV-A	Coxsackievirus A10	MH118072.1
42769	EV-A	Coxsackievirus A10	MH118074.1
42769	EV-A	Coxsackievirus A10	MH118084.1
42769	EV-A	Coxsackievirus A10	MH118087.1
42769	EV-A	Coxsackievirus A10	MH118089.1
42769	EV-A	Coxsackievirus A10	OK570250.1
42769	EV-A	Coxsackievirus A10	OQ091491.1
42769	EV-A	Coxsackievirus A10	OQ091514.1
42769	EV-A	Coxsackievirus A10	OQ091516.1
42771	EV-A	Coxsackievirus A12	AY421768.1
42771	EV-A	Coxsackievirus A12	PQ726940.1
42773	EV-A	Coxsackievirus A14	AY421769.1
42773	EV-A	Coxsackievirus A14	KP036482.1
42773	EV-A	Coxsackievirus A14	MG672482.1
42773	EV-A	Coxsackievirus A14	OK570249.1
31704	EV-A	Coxsackievirus A16	JX068833.1
31704	EV-A	Coxsackievirus A16	LT617110.1
31704	EV-A	Coxsackievirus A16	LT617114.1
31704	EV-A	Coxsackievirus A16	MF990300.1
31704	EV-A	Coxsackievirus A16	MH010205.1
31704	EV-A	Coxsackievirus A16	MH780757.1
31704	EV-A	Coxsackievirus A16	MW999236.1
31704	EV-A	Coxsackievirus A16	OP562189.1
31704	EV-A	Coxsackievirus A16	OQ091677.1
31704	EV-A	Coxsackievirus A16	OQ791556.1
31704	EV-A	Coxsackievirus A16	PQ612461.1
33757	EV-A	Coxsackievirus A2	HQ728259.1
33757	EV-A	Coxsackievirus A2	JX867332.1
33757	EV-A	Coxsackievirus A2	MF422538.1
33757	EV-A	Coxsackievirus A2	MF678310.1
33757	EV-A	Coxsackievirus A2	MF678333.1
33757	EV-A	Coxsackievirus A2	MF678338.1
33757	EV-A	Coxsackievirus A2	MG571858.1
33757	EV-A	Coxsackievirus A2	MH111016.1
33757	EV-A	Coxsackievirus A2	OQ091453.1
33757	EV-A	Coxsackievirus A2	OQ091457.1
33757	EV-A	Coxsackievirus A2	OW122596.1
33757	EV-A	Coxsackievirus A2	PP585401.1
33757	EV-A	Coxsackievirus A2	PP585402.1
33757	EV-A	Coxsackievirus A2	PP919024.1
33757	EV-A	Coxsackievirus A2	PP919030.1
33757	EV-A	Coxsackievirus A2	PQ612440.1
42784	EV-A	Coxsackievirus A3	OQ091649.1
42785	EV-A	Coxsackievirus A4	AY421762.1
42785	EV-A	Coxsackievirus A4	KP289442.1
42785	EV-A	Coxsackievirus A4	KY271949.1
42785	EV-A	Coxsackievirus A4	LT719044.1
42785	EV-A	Coxsackievirus A4	MH086032.1
42785	EV-A	Coxsackievirus A4	MH780724.1
42785	EV-A	Coxsackievirus A4	MH780730.1
42785	EV-A	Coxsackievirus A4	MH780731.1
42785	EV-A	Coxsackievirus A4	OQ091474.1
42785	EV-A	Coxsackievirus A4	OQ091475.1
42785	EV-A	Coxsackievirus A4	OQ091477.1
42785	EV-A	Coxsackievirus A4	OQ091482.1
42785	EV-A	Coxsackievirus A4	OQ091483.1
42785	EV-A	Coxsackievirus A4	OQ091484.1
42785	EV-A	Coxsackievirus A4	PP585471.1
42785	EV-A	Coxsackievirus A4	PP796408.1
42785	EV-A	Coxsackievirus A4	PQ057340.1
42785	EV-A	Coxsackievirus A4	PQ057348.1
42785	EV-A	Coxsackievirus A4	PQ057352.1
42786	EV-A	Coxsackievirus A5	AY421763.1
42786	EV-A	Coxsackievirus A5	LT719046.1
42786	EV-A	Coxsackievirus A5	MH744458.1
42786	EV-A	Coxsackievirus A5	OQ957170.1
42786	EV-A	Coxsackievirus A5	PP585459.1
42786	EV-A	Coxsackievirus A5	PQ612443.1
42786	EV-A	Coxsackievirus A5	PQ612444.1
86107	EV-A	Coxsackievirus A6	AY421764.1
86107	EV-A	Coxsackievirus A6	KP144349.1
86107	EV-A	Coxsackievirus A6	KX189192.1
86107	EV-A	Coxsackievirus A6	LC126143.1
86107	EV-A	Coxsackievirus A6	LR027552.1
86107	EV-A	Coxsackievirus A6	LT719047.1
42787	EV-A	Coxsackievirus A7	GU942820.1
42787	EV-A	Coxsackievirus A7	GU942821.1
42787	EV-A	Coxsackievirus A7	LT719054.1
42787	EV-A	Coxsackievirus A7	MK652141.1
42787	EV-A	Coxsackievirus A7	MT179786.1
42787	EV-A	Coxsackievirus A7	OK570245.1
42787	EV-A	Coxsackievirus A7	OK570255.1
42788	EV-A	Coxsackievirus A8	AY421766.1
42788	EV-A	Coxsackievirus A8	KM609477.1
42788	EV-A	Coxsackievirus A8	KM609478.1
42788	EV-A	Coxsackievirus A8	KP765687.1
42788	EV-A	Coxsackievirus A8	MT648786.1
42788	EV-A	Coxsackievirus A8	OQ091537.1
138948	EV-A	Enterovirus A	MH685713.1
138948	EV-A	Enterovirus A	NC_001612.1
138948	EV-A	Enterovirus A	PP621603.1
138948	EV-A	Enterovirus A	PP621606.1
2760809	EV-A	Enterovirus A114	NC_030454.1
1530250	EV-A	Enterovirus A119	ON809571.1
1435148	EV-A	Enterovirus A120	MT081367.1
1435148	EV-A	Enterovirus A120	MT123346.1
2487724	EV-A	Enterovirus A121	KU355877.1
2870393	EV-A	Enterovirus A122	AF326754.2
2870394	EV-A	Enterovirus A123	AF326761.2
2870395	EV-A	Enterovirus A124	AF326764.2
2870395	EV-A	Enterovirus A124	EF667343.1
2884179	EV-A	Enterovirus A125	AF326750.2
39054	EV-A	Enterovirus A71	AB575912.1
39054	EV-A	Enterovirus A71	AB575941.1
39054	EV-A	Enterovirus A71	AB747374.1
39054	EV-A	Enterovirus A71	DQ341355.1
39054	EV-A	Enterovirus A71	DQ341361.1
39054	EV-A	Enterovirus A71	HM622392.1
39054	EV-A	Enterovirus A71	JX678875.1
39054	EV-A	Enterovirus A71	KJ686302.1
39054	EV-A	Enterovirus A71	KU641502.1
39054	EV-A	Enterovirus A71	KX372309.1
39054	EV-A	Enterovirus A71	LT719064.1
39054	EV-A	Enterovirus A71	LT719068.1
39054	EV-A	Enterovirus A71	MG672478.1
39054	EV-A	Enterovirus A71	MG756705.1
39054	EV-A	Enterovirus A71	MT241235.1
39054	EV-A	Enterovirus A71	ON191510.1
39054	EV-A	Enterovirus A71	OQ091616.1
39054	EV-A	Enterovirus A71	U22521.1
306588	EV-A	Enterovirus A76	AY697458.1
306588	EV-A	Enterovirus A76	ON646243.1
306586	EV-A	Enterovirus A89	AY697459.1
297248	EV-A	Enterovirus A90	AB192877.1
297248	EV-A	Enterovirus A90	AY773285.1
297248	EV-A	Enterovirus A90	JX390654.1
297248	EV-A	Enterovirus A90	MG253032.1
469959	EV-A	Enterovirus A92	EF667344.1
12067	EV-B	Coxsackievirus A9	D00627.1
12067	EV-B	Coxsackievirus A9	KM201659.1
12067	EV-B	Coxsackievirus A9	KP290111.1
12067	EV-B	Coxsackievirus A9	KU574637.1
12067	EV-B	Coxsackievirus A9	KU574638.1
12067	EV-B	Coxsackievirus A9	LS451285.1
12067	EV-B	Coxsackievirus A9	MF678309.1
12067	EV-B	Coxsackievirus A9	MH752987.1
12067	EV-B	Coxsackievirus A9	MK652143.1
12067	EV-B	Coxsackievirus A9	OM177688.1
12067	EV-B	Coxsackievirus A9	OM885401.1
12067	EV-B	Coxsackievirus A9	OQ791566.1
12067	EV-B	Coxsackievirus A9	OR678430.1
12067	EV-B	Coxsackievirus A9	PP558441.1
12067	EV-B	Coxsackievirus A9	PX441815.1
12071	EV-B	Coxsackievirus B1	AY186747.1
12071	EV-B	Coxsackievirus B1	JX976769.1
12071	EV-B	Coxsackievirus B1	LS451286.1
12071	EV-B	Coxsackievirus B1	OM417123.1
12071	EV-B	Coxsackievirus B1	OR840843.1
82639	EV-B	Coxsackievirus B2	AF085363.1
82639	EV-B	Coxsackievirus B2	EF174468.1
82639	EV-B	Coxsackievirus B2	LC191400.2
82639	EV-B	Coxsackievirus B2	LC191409.1
82639	EV-B	Coxsackievirus B2	MF678305.1
82639	EV-B	Coxsackievirus B2	MF678317.1
82639	EV-B	Coxsackievirus B2	MF678342.1
82639	EV-B	Coxsackievirus B2	MZ396300.1
82639	EV-B	Coxsackievirus B2	OQ633097.1
82639	EV-B	Coxsackievirus B2	PP711772.1
82639	EV-B	Coxsackievirus B2	PQ612467.1
12072	EV-B	Coxsackievirus B3	AY673831.1
12072	EV-B	Coxsackievirus B3	EU144042.1
12072	EV-B	Coxsackievirus B3	GQ141875.1
12072	EV-B	Coxsackievirus B3	JX476166.2
12072	EV-B	Coxsackievirus B3	JX476168.2
12072	EV-B	Coxsackievirus B3	KP036481.1
12072	EV-B	Coxsackievirus B3	LS451287.1
12072	EV-B	Coxsackievirus B3	MF678304.1
12072	EV-B	Coxsackievirus B3	MF678311.1
12072	EV-B	Coxsackievirus B3	MK791148.1
12072	EV-B	Coxsackievirus B3	MW015027.1
12072	EV-B	Coxsackievirus B3	MW015034.1
12072	EV-B	Coxsackievirus B3	NC_038307.1
12072	EV-B	Coxsackievirus B3	ON245423.1
12072	EV-B	Coxsackievirus B3	OQ842441.1
12072	EV-B	Coxsackievirus B3	OQ842442.1
12072	EV-B	Coxsackievirus B3	PQ612471.1
12073	EV-B	Coxsackievirus B4	AF328683.1
12073	EV-B	Coxsackievirus B4	JX417724.2
12073	EV-B	Coxsackievirus B4	KC558559.1
12073	EV-B	Coxsackievirus B4	KC558560.1
12073	EV-B	Coxsackievirus B4	LS451289.1
12073	EV-B	Coxsackievirus B4	MF422559.1
12073	EV-B	Coxsackievirus B4	MW015036.1
12073	EV-B	Coxsackievirus B4	MW015037.1
12073	EV-B	Coxsackievirus B4	MW015039.1
12073	EV-B	Coxsackievirus B4	MW015044.1
12073	EV-B	Coxsackievirus B4	MW390789.1
12073	EV-B	Coxsackievirus B4	OP376512.1
12073	EV-B	Coxsackievirus B4	OQ842450.1
12073	EV-B	Coxsackievirus B4	PP558444.1
12073	EV-B	Coxsackievirus B4	PP558466.1
12073	EV-B	Coxsackievirus B4	PP558471.1
12073	EV-B	Coxsackievirus B4	PP558481.1
12073	EV-B	Coxsackievirus B4	PQ335016.1
12073	EV-B	Coxsackievirus B4	PQ473510.1
12073	EV-B	Coxsackievirus B4	PQ612474.1
12073	EV-B	Coxsackievirus B4	PV453397.1
12073	EV-B	Coxsackievirus B4	X05690.1
12074	EV-B	Coxsackievirus B5	AF114383.1
12074	EV-B	Coxsackievirus B5	AY875692.1
12074	EV-B	Coxsackievirus B5	HQ998851.1
12074	EV-B	Coxsackievirus B5	KF311743.1
12074	EV-B	Coxsackievirus B5	KP233830.1
12074	EV-B	Coxsackievirus B5	KP266576.1
12074	EV-B	Coxsackievirus B5	KT285006.1
12074	EV-B	Coxsackievirus B5	KT285007.1
12074	EV-B	Coxsackievirus B5	KT285008.1
12074	EV-B	Coxsackievirus B5	KT285013.1
12074	EV-B	Coxsackievirus B5	KT285014.1
12074	EV-B	Coxsackievirus B5	KT285016.1
12074	EV-B	Coxsackievirus B5	KT285017.1
12074	EV-B	Coxsackievirus B5	KY303900.1
12074	EV-B	Coxsackievirus B5	LS451290.1
12074	EV-B	Coxsackievirus B5	MF683838.1
12074	EV-B	Coxsackievirus B5	MG845891.1
12074	EV-B	Coxsackievirus B5	MG845893.1
12074	EV-B	Coxsackievirus B5	MK000161.1
12074	EV-B	Coxsackievirus B5	MW015051.1
12074	EV-B	Coxsackievirus B5	MW015055.1
12074	EV-B	Coxsackievirus B5	OQ791517.1
12074	EV-B	Coxsackievirus B5	OQ791543.1
12074	EV-B	Coxsackievirus B5	OQ791555.1
12074	EV-B	Coxsackievirus B5	OR678407.1
74561	EV-B	Coxsackievirus B6	AF114384.1
74561	EV-B	Coxsackievirus B6	KY262575.1
74561	EV-B	Coxsackievirus B6	KY262576.1
74561	EV-B	Coxsackievirus B6	LS451291.1
103914	EV-B	Echovirus 9 Strain Barty	X92886.1
46633	EV-B	Echovirus E1	AF029859.2
46633	EV-B	Echovirus E1	LS451292.1
46633	EV-B	Echovirus E1	MF101536.1
46633	EV-B	Echovirus E1	OL955509.1
12078	EV-B	Echovirus E11	AJ276224.1
12078	EV-B	Echovirus E11	AY167106.1
12078	EV-B	Echovirus E11	EF634316.1
12078	EV-B	Echovirus E11	KP294524.1
12078	EV-B	Echovirus E11	KY981559.1
12078	EV-B	Echovirus E11	KY981575.1
12078	EV-B	Echovirus E11	KY981577.1
12078	EV-B	Echovirus E11	LC858586.1
12078	EV-B	Echovirus E11	MH005790.1
12078	EV-B	Echovirus E11	MK000203.1
12078	EV-B	Echovirus E11	MN496161.1
12078	EV-B	Echovirus E11	MN597937.1
12078	EV-B	Echovirus E11	MN657230.1
12078	EV-B	Echovirus E11	MN703776.1
12078	EV-B	Echovirus E11	MN703780.1
12078	EV-B	Echovirus E11	MN749142.1
12078	EV-B	Echovirus E11	MW015063.1
12078	EV-B	Echovirus E11	MW015064.1
12078	EV-B	Echovirus E11	ON380663.1
12078	EV-B	Echovirus E11	ON383150.1
12078	EV-B	Echovirus E11	ON383154.1
12078	EV-B	Echovirus E11	OQ791552.1
12078	EV-B	Echovirus E11	OQ969177.1
12078	EV-B	Echovirus E11	OR678406.1
12078	EV-B	Echovirus E11	PP552732.1
12078	EV-B	Echovirus E11	PV167163.1
35293	EV-B	Echovirus E12	LS451298.1
35293	EV-B	Echovirus E12	MF083154.1
35293	EV-B	Echovirus E12	X77708.1
47501	EV-B	Echovirus E13	AB501332.1
47501	EV-B	Echovirus E13	AY302539.1
47501	EV-B	Echovirus E13	MH005792.1
47501	EV-B	Echovirus E13	MK000215.1
47501	EV-B	Echovirus E13	PP711774.1
47501	EV-B	Echovirus E13	PQ612483.1
47502	EV-B	Echovirus E14	AY302540.1
47502	EV-B	Echovirus E14	KP289440.1
47502	EV-B	Echovirus E14	LS451299.1
47502	EV-B	Echovirus E14	MF838734.1
47502	EV-B	Echovirus E14	MF990302.1
47503	EV-B	Echovirus E15	AY302541.1
47503	EV-B	Echovirus E15	PP711777.1
47504	EV-B	Echovirus E16	AY302542.1
47504	EV-B	Echovirus E16	MF990293.1
47504	EV-B	Echovirus E16	MW481633.1
47504	EV-B	Echovirus E16	OQ842415.1
47505	EV-B	Echovirus E17	AY302543.1
47506	EV-B	Echovirus E18	AF317694.1
47506	EV-B	Echovirus E18	HM777023.1
47506	EV-B	Echovirus E18	KX139456.1
47506	EV-B	Echovirus E18	MF838733.1
47506	EV-B	Echovirus E18	MF990301.1
47506	EV-B	Echovirus E18	MN815813.1
47506	EV-B	Echovirus E18	OQ791559.1
47506	EV-B	Echovirus E18	OR840841.1
47506	EV-B	Echovirus E18	PV679817.1
47507	EV-B	Echovirus E19	AY167107.1
47507	EV-B	Echovirus E19	AY302544.1
47507	EV-B	Echovirus E19	KY792585.1
47507	EV-B	Echovirus E19	MF990292.1
47507	EV-B	Echovirus E19	MK000148.1
35294	EV-B	Echovirus E2	AF465518.1
35294	EV-B	Echovirus E2	KX810066.1
47508	EV-B	Echovirus E20	AY302546.1
47508	EV-B	Echovirus E20	KX060810.1
47508	EV-B	Echovirus E20	MK000210.1
47509	EV-B	Echovirus E21	AY302547.1
47509	EV-B	Echovirus E21	MN481500.1
47509	EV-B	Echovirus E21	OR678403.1
47510	EV-B	Echovirus E24	AY302548.1
47510	EV-B	Echovirus E24	KP036484.1
47510	EV-B	Echovirus E24	MH144604.1
47510	EV-B	Echovirus E24	MK652136.1
45101	EV-B	Echovirus E25	AY302549.1
45101	EV-B	Echovirus E25	KJ957190.1
45101	EV-B	Echovirus E25	MF422564.1
45101	EV-B	Echovirus E25	MF678296.1
45101	EV-B	Echovirus E25	MF678297.1
45101	EV-B	Echovirus E25	MF678348.1
45101	EV-B	Echovirus E25	MK800121.1
45101	EV-B	Echovirus E25	MT347976.1
45101	EV-B	Echovirus E25	OQ842423.1
45101	EV-B	Echovirus E25	OQ842428.1
45101	EV-B	Echovirus E25	OR090968.1
45101	EV-B	Echovirus E25	OR090971.1
45101	EV-B	Echovirus E25	OR090972.1
45101	EV-B	Echovirus E25	OR678429.1
45101	EV-B	Echovirus E25	PQ612484.1
47511	EV-B	Echovirus E26	AY302550.1
45999	EV-B	Echovirus E27	AY302551.1
45999	EV-B	Echovirus E27	MF990295.1
47512	EV-B	Echovirus E29	AY302552.1
47512	EV-B	Echovirus E29	MK000177.1
47512	EV-B	Echovirus E29	MK689070.1
47512	EV-B	Echovirus E29	OL955512.1
47512	EV-B	Echovirus E29	ON383158.1
47512	EV-B	Echovirus E29	PX230757.1
47516	EV-B	Echovirus E3	AB647322.1
47516	EV-B	Echovirus E3	AJ849942.1
47516	EV-B	Echovirus E3	KU574635.1
47516	EV-B	Echovirus E3	MF422568.1
47516	EV-B	Echovirus E3	MG451804.1
47516	EV-B	Echovirus E3	MK000202.1
47516	EV-B	Echovirus E3	MK791150.1
47516	EV-B	Echovirus E3	MT043280.1
47516	EV-B	Echovirus E3	MW775341.1
47516	EV-B	Echovirus E3	OL955506.1
47516	EV-B	Echovirus E3	OP207971.1
47516	EV-B	Echovirus E3	OR159221.1
41846	EV-B	Echovirus E30	AF311938.1
41846	EV-B	Echovirus E30	AJ295172.1
41846	EV-B	Echovirus E30	AY948442.1
41846	EV-B	Echovirus E30	DQ534205.1
41846	EV-B	Echovirus E30	EF066392.1
41846	EV-B	Echovirus E30	KC897073.1
41846	EV-B	Echovirus E30	LC416533.1
41846	EV-B	Echovirus E30	MF422577.1
41846	EV-B	Echovirus E30	MK376271.1
41846	EV-B	Echovirus E30	MN153801.1
41846	EV-B	Echovirus E30	OQ791513.1
41846	EV-B	Echovirus E30	OQ842412.1
47513	EV-B	Echovirus E31	AY302554.1
47513	EV-B	Echovirus E31	OQ791570.1
47514	EV-B	Echovirus E32	AY302555.1
47515	EV-B	Echovirus E33	AY302556.1
47515	EV-B	Echovirus E33	KT965725.1
47515	EV-B	Echovirus E33	ON383146.1
47515	EV-B	Echovirus E33	ON873778.1
35295	EV-B	Echovirus E4	AY302557.1
35295	EV-B	Echovirus E4	KU574622.1
35295	EV-B	Echovirus E4	OQ842418.1
40280	EV-B	Echovirus E5	AF083069.1
40280	EV-B	Echovirus E5	HM775882.1
40280	EV-B	Echovirus E5	LS451293.1
40280	EV-B	Echovirus E5	PX441820.1
12062	EV-B	Echovirus E6	AF465517.1
12062	EV-B	Echovirus E6	HM185055.1
12062	EV-B	Echovirus E6	HM852754.1
12062	EV-B	Echovirus E6	JQ801739.1
12062	EV-B	Echovirus E6	JX976771.1
12062	EV-B	Echovirus E6	KP266568.1
12062	EV-B	Echovirus E6	KU574628.1
12062	EV-B	Echovirus E6	KX424991.1
12062	EV-B	Echovirus E6	LS451294.1
12062	EV-B	Echovirus E6	MF678307.1
12062	EV-B	Echovirus E6	MG451809.1
12062	EV-B	Echovirus E6	MH005791.1
12062	EV-B	Echovirus E6	MH005794.1
12062	EV-B	Echovirus E6	MK000162.1
12062	EV-B	Echovirus E6	MK000166.1
12062	EV-B	Echovirus E6	MZ634355.1
12062	EV-B	Echovirus E6	OP207959.1
12062	EV-B	Echovirus E6	OQ842413.1
12062	EV-B	Echovirus E6	OQ842417.1
12062	EV-B	Echovirus E6	OR840837.1
12062	EV-B	Echovirus E6	OR840838.1
12062	EV-B	Echovirus E6	PP236448.1
12062	EV-B	Echovirus E6	PP558484.1
12062	EV-B	Echovirus E6	PP711773.1
12062	EV-B	Echovirus E6	PP887984.1
12062	EV-B	Echovirus E6	PQ612479.1
12062	EV-B	Echovirus E6	PQ612480.1
12062	EV-B	Echovirus E6	PQ785999.1
12062	EV-B	Echovirus E6	PX441814.1
46018	EV-B	Echovirus E7	AY036579.1
46018	EV-B	Echovirus E7	KJ765699.1
46018	EV-B	Echovirus E7	KP202389.1
46018	EV-B	Echovirus E7	KP266570.1
46018	EV-B	Echovirus E7	LS451296.1
46018	EV-B	Echovirus E7	MG451810.1
46018	EV-B	Echovirus E7	MG571843.1
46018	EV-B	Echovirus E7	MH043135.1
46018	EV-B	Echovirus E7	MH732737.1
46018	EV-B	Echovirus E7	MK000231.1
46018	EV-B	Echovirus E7	MK159694.1
46018	EV-B	Echovirus E7	OL614976.1
46018	EV-B	Echovirus E7	OL955511.1
46018	EV-B	Echovirus E7	OQ842414.1
12060	EV-B	Echovirus E9	KU574629.1
12060	EV-B	Echovirus E9	LS451297.1
12060	EV-B	Echovirus E9	MF422580.1
12060	EV-B	Echovirus E9	MF678320.1
12060	EV-B	Echovirus E9	MF678336.1
12060	EV-B	Echovirus E9	MH752986.1
12060	EV-B	Echovirus E9	MK697681.1
12060	EV-B	Echovirus E9	MK697683.1
12060	EV-B	Echovirus E9	OP207963.1
12060	EV-B	Echovirus E9	OQ791539.1
12060	EV-B	Echovirus E9	OR678448.1
12060	EV-B	Echovirus E9	PP558486.1
12060	EV-B	Echovirus E9	PQ612482.1
12060	EV-B	Echovirus E9	PV879604.1
12060	EV-B	Echovirus E9	PX441827.1
138949	EV-B	Enterovirus B	AY466024.1
138949	EV-B	Enterovirus B	AY896760.1
138949	EV-B	Enterovirus B	AY896761.1
138949	EV-B	Enterovirus B	AY896762.1
138949	EV-B	Enterovirus B	AY896763.1
138949	EV-B	Enterovirus B	AY896764.1
138949	EV-B	Enterovirus B	AY896765.1
138949	EV-B	Enterovirus B	EF371880.2
138949	EV-B	Enterovirus B	FJ460595.1
138949	EV-B	Enterovirus B	KC568449.1
138949	EV-B	Enterovirus B	MG642820.1
138949	EV-B	Enterovirus B	MH152412.1
138949	EV-B	Enterovirus B	MH685712.1
138949	EV-B	Enterovirus B	MH828523.1
138949	EV-B	Enterovirus B	MK032894.1
138949	EV-B	Enterovirus B	MK815079.1
138949	EV-B	Enterovirus B	MK815088.1
138949	EV-B	Enterovirus B	MK815094.1
138949	EV-B	Enterovirus B	MN181513.1
138949	EV-B	Enterovirus B	MN181514.1
138949	EV-B	Enterovirus B	MW647484.1
138949	EV-B	Enterovirus B	NC_001472.1
138949	EV-B	Enterovirus B	PP461522.1
138949	EV-B	Enterovirus B	PP461523.1
138949	EV-B	Enterovirus B	PP461528.1
138949	EV-B	Enterovirus B	PP461529.1
138949	EV-B	Enterovirus B	PP461531.1
138949	EV-B	Enterovirus B	PP461532.1
138949	EV-B	Enterovirus B	PP461534.1
138949	EV-B	Enterovirus B	PP461537.1
138949	EV-B	Enterovirus B	PP461541.1
138949	EV-B	Enterovirus B	PP621598.1
138949	EV-B	Enterovirus B	PP621599.1
138949	EV-B	Enterovirus B	PP621600.1
138949	EV-B	Enterovirus B	PP621607.1
138949	EV-B	Enterovirus B	PP621608.1
138949	EV-B	Enterovirus B	PP621613.1
138949	EV-B	Enterovirus B	PP621614.1
138949	EV-B	Enterovirus B	PP621627.1
138949	EV-B	Enterovirus B	PP621630.1
138949	EV-B	Enterovirus B	PP621642.1
138949	EV-B	Enterovirus B	PP621644.1
138949	EV-B	Enterovirus B	PP621649.1
138949	EV-B	Enterovirus B	PP621654.1
138949	EV-B	Enterovirus B	PP621656.1
138949	EV-B	Enterovirus B	PP621660.1
138949	EV-B	Enterovirus B	PP621670.1
138949	EV-B	Enterovirus B	PP621674.1
138949	EV-B	Enterovirus B	PP621675.1
138949	EV-B	Enterovirus B	PP621678.1
138949	EV-B	Enterovirus B	PP621680.1
138949	EV-B	Enterovirus B	PP621681.1
138949	EV-B	Enterovirus B	PP621690.1
138949	EV-B	Enterovirus B	PQ566749.1
138949	EV-B	Enterovirus B	PV563578.1
325447	EV-B	Enterovirus B100	DQ902713.1
1248136	EV-B	Enterovirus B106	KF990476.1
1248136	EV-B	Enterovirus B106	KX171334.1
2487725	EV-B	Enterovirus B107	AB426609.1
1442164	EV-B	Enterovirus B111	KF312882.1
1442164	EV-B	Enterovirus B111	MN893446.1
171720	EV-B	Enterovirus B69	AY302560.1
171720	EV-B	Enterovirus B69	MF521674.1
200154	EV-B	Enterovirus B73	AF241359.1
200154	EV-B	Enterovirus B73	AF504533.1
200154	EV-B	Enterovirus B73	KF874626.1
200154	EV-B	Enterovirus B73	MK069966.1
222889	EV-B	Enterovirus B74	AY556057.1
222889	EV-B	Enterovirus B74	JQ397329.1
282345	EV-B	Enterovirus B75	AY556070.1
282345	EV-B	Enterovirus B75	KF874627.1
282345	EV-B	Enterovirus B75	MW183139.1
282345	EV-B	Enterovirus B75	PQ633218.1
282345	EV-B	Enterovirus B75	PQ998968.1
222887	EV-B	Enterovirus B77	AJ493062.2
222887	EV-B	Enterovirus B77	AY843302.1
2760813	EV-B	Enterovirus B79	AB426610.1
2760813	EV-B	Enterovirus B79	AY843297.1
2760813	EV-B	Enterovirus B79	MH144598.1
318563	EV-B	Enterovirus B80	AY843298.1
318563	EV-B	Enterovirus B80	JX644073.1
318563	EV-B	Enterovirus B80	MH614922.1
318563	EV-B	Enterovirus B80	MH614925.1
318564	EV-B	Enterovirus B81	AY843299.1
318564	EV-B	Enterovirus B81	KJ755190.1
318565	EV-B	Enterovirus B82	AY843300.1
318566	EV-B	Enterovirus B83	AY843301.1
318566	EV-B	Enterovirus B83	KU707902.1
318566	EV-B	Enterovirus B83	MN164687.1
318566	EV-B	Enterovirus B83	MN597453.1
318567	EV-B	Enterovirus B84	DQ902712.1
318567	EV-B	Enterovirus B84	KP262053.1
318567	EV-B	Enterovirus B84	MH005795.1
318568	EV-B	Enterovirus B85	AY843303.1
318568	EV-B	Enterovirus B85	JX898909.1
318569	EV-B	Enterovirus B86	AY843304.1
318570	EV-B	Enterovirus B87	AY843305.1
318570	EV-B	Enterovirus B87	KC292019.1
318571	EV-B	Enterovirus B88	AY843306.1
318571	EV-B	Enterovirus B88	MG982664.1
318571	EV-B	Enterovirus B88	MH144601.1
318571	EV-B	Enterovirus B88	PQ572233.1
991902	EV-B	Enterovirus B93	KM273013.1
991902	EV-B	Enterovirus B93	MN580134.1
325446	EV-B	Enterovirus B97	AB426611.1
325446	EV-B	Enterovirus B97	AY843307.1
325446	EV-B	Enterovirus B97	GU550508.1
582384	EV-B	Enterovirus B98	AB426608.1
123738	EV-B	Enterovirus Yanbian 96-83Csf	AF230973.1
172038	EV-B	Simian Agent 5	AF326751.2
12075	EV-B	Swine Vesicular Disease Virus	D16364.1
42779	EV-C	Coxsackievirus A1	AF499635.1
42779	EV-C	Coxsackievirus A1	JX174177.1
42779	EV-C	Coxsackievirus A1	MF990294.1
42779	EV-C	Coxsackievirus A1	MK250423.1
42779	EV-C	Coxsackievirus A1	PQ303586.1
42779	EV-C	Coxsackievirus A1	PQ889373.1
42770	EV-C	Coxsackievirus A11	DQ995633.1
42770	EV-C	Coxsackievirus A11	DQ995634.1
42770	EV-C	Coxsackievirus A11	JF260917.1
42770	EV-C	Coxsackievirus A11	JF260918.1
42770	EV-C	Coxsackievirus A11	LP131905.1
42770	EV-C	Coxsackievirus A11	OK570195.1
42770	EV-C	Coxsackievirus A11	OK570201.1
42770	EV-C	Coxsackievirus A11	PQ889375.1
42770	EV-C	Coxsackievirus A11	PQ889376.1
42772	EV-C	Coxsackievirus A13	AF499637.1
42772	EV-C	Coxsackievirus A13	DQ995635.1
42772	EV-C	Coxsackievirus A13	DQ995637.1
42772	EV-C	Coxsackievirus A13	DQ995639.1
42772	EV-C	Coxsackievirus A13	DQ995644.1
42772	EV-C	Coxsackievirus A13	JF260920.1
42772	EV-C	Coxsackievirus A13	JF260921.1
42772	EV-C	Coxsackievirus A13	JF260922.1
42772	EV-C	Coxsackievirus A13	MG571838.1
42772	EV-C	Coxsackievirus A13	OK570192.1
42772	EV-C	Coxsackievirus A13	OK570197.1
42772	EV-C	Coxsackievirus A13	OK570199.1
42772	EV-C	Coxsackievirus A13	OK570207.1
42772	EV-C	Coxsackievirus A13	OK570215.1
42772	EV-C	Coxsackievirus A13	OK570222.1
42772	EV-C	Coxsackievirus A13	OK570226.1
42772	EV-C	Coxsackievirus A13	OK570227.1
42772	EV-C	Coxsackievirus A13	OK570243.1
42772	EV-C	Coxsackievirus A13	OL955505.1
42772	EV-C	Coxsackievirus A13	OL955507.1
42772	EV-C	Coxsackievirus A13	OL955508.1
42772	EV-C	Coxsackievirus A13	ON383149.1
42772	EV-C	Coxsackievirus A13	PQ119792.1
42772	EV-C	Coxsackievirus A13	PQ889377.1
42772	EV-C	Coxsackievirus A13	PQ889382.1
42772	EV-C	Coxsackievirus A13	PQ889385.1
42772	EV-C	Coxsackievirus A13	PQ889386.1
42772	EV-C	Coxsackievirus A13	PQ889387.1
42772	EV-C	Coxsackievirus A13	PQ889388.1
42772	EV-C	Coxsackievirus A13	PQ889390.1
42772	EV-C	Coxsackievirus A13	PQ889391.1
42774	EV-C	Coxsackievirus A15	AF499638.1
42775	EV-C	Coxsackievirus A17	AF499639.1
42775	EV-C	Coxsackievirus A17	DQ995645.1
42775	EV-C	Coxsackievirus A17	DQ995646.1
42775	EV-C	Coxsackievirus A17	FM955278.1
42775	EV-C	Coxsackievirus A17	JF260924.1
42775	EV-C	Coxsackievirus A17	MF990307.1
42775	EV-C	Coxsackievirus A17	OK570218.1
42775	EV-C	Coxsackievirus A17	PQ889392.1
42776	EV-C	Coxsackievirus A18	AB205396.1
42776	EV-C	Coxsackievirus A18	AF499640.1
42778	EV-C	Coxsackievirus A19	AB828290.1
42778	EV-C	Coxsackievirus A19	AF499641.1
42778	EV-C	Coxsackievirus A19	MF678294.1
42778	EV-C	Coxsackievirus A19	MT175706.1
42778	EV-C	Coxsackievirus A19	PP756357.1
42778	EV-C	Coxsackievirus A19	PQ889394.1
42782	EV-C	Coxsackievirus A20	AF465514.1
42782	EV-C	Coxsackievirus A20	DQ358078.1
42782	EV-C	Coxsackievirus A20	EF015013.1
42782	EV-C	Coxsackievirus A20	EF015014.1
42782	EV-C	Coxsackievirus A20	EF015016.1
42782	EV-C	Coxsackievirus A20	EF015018.1
42782	EV-C	Coxsackievirus A20	EF015019.1
42782	EV-C	Coxsackievirus A20	EF015020.1
42782	EV-C	Coxsackievirus A20	LC279542.1
42782	EV-C	Coxsackievirus A20	MF990297.1
42782	EV-C	Coxsackievirus A20	MH785183.2
42782	EV-C	Coxsackievirus A20	MN149910.1
42782	EV-C	Coxsackievirus A20	OK570193.1
42782	EV-C	Coxsackievirus A20	OK570205.1
42782	EV-C	Coxsackievirus A20	OK570211.1
42782	EV-C	Coxsackievirus A20	OK570239.1
42782	EV-C	Coxsackievirus A20	ON383147.1
42782	EV-C	Coxsackievirus A20	PQ889397.1
12069	EV-C	Coxsackievirus A21	AF465515.1
12069	EV-C	Coxsackievirus A21	EF015026.1
12069	EV-C	Coxsackievirus A21	EF015027.1
12069	EV-C	Coxsackievirus A21	EF015029.1
12069	EV-C	Coxsackievirus A21	EF015031.1
12069	EV-C	Coxsackievirus A21	MG982663.1
42783	EV-C	Coxsackievirus A22	AF499643.1
42783	EV-C	Coxsackievirus A22	DQ995647.1
42783	EV-C	Coxsackievirus A22	DQ995648.1
42783	EV-C	Coxsackievirus A22	JN542510.1
42783	EV-C	Coxsackievirus A22	KC785530.1
42783	EV-C	Coxsackievirus A22	PP756352.1
12089	EV-C	Coxsackievirus A24	D90457.1
12089	EV-C	Coxsackievirus A24	EF015033.1
12089	EV-C	Coxsackievirus A24	EF015034.1
12089	EV-C	Coxsackievirus A24	EF015036.1
12089	EV-C	Coxsackievirus A24	EF026081.1
12089	EV-C	Coxsackievirus A24	KU183495.1
12089	EV-C	Coxsackievirus A24	MG571841.1
12089	EV-C	Coxsackievirus A24	MG571860.1
12089	EV-C	Coxsackievirus A24	MZ171085.1
12089	EV-C	Coxsackievirus A24	OK570202.1
12089	EV-C	Coxsackievirus A24	OK570241.1
12089	EV-C	Coxsackievirus A24	ON383156.1
12089	EV-C	Coxsackievirus A24	PP265994.1
12089	EV-C	Coxsackievirus A24	PQ889404.1
12089	EV-C	Coxsackievirus A24	PQ889405.1
12089	EV-C	Coxsackievirus A24	PQ889406.1
138950	EV-C	Enterovirus C	KM273014.1
138950	EV-C	Enterovirus C	KP247597.1
138950	EV-C	Enterovirus C	LR796210.1
138950	EV-C	Enterovirus C	LY501107.1
138950	EV-C	Enterovirus C	MN914197.1
138950	EV-C	Enterovirus C	MN914198.1
138950	EV-C	Enterovirus C	MN914200.1
138950	EV-C	Enterovirus C	MN914201.1
138950	EV-C	Enterovirus C	MN914202.1
138950	EV-C	Enterovirus C	MN914203.1
138950	EV-C	Enterovirus C	MN914204.1
138950	EV-C	Enterovirus C	MN914205.1
138950	EV-C	Enterovirus C	ON807321.1
138950	EV-C	Enterovirus C	OQ401876.1
138950	EV-C	Enterovirus C	PP461545.1
2760818	EV-C	Enterovirus C102	EF555645.1
2650411	EV-C	Enterovirus C104	KC785524.1
2749421	EV-C	Enterovirus C105	KM880097.1
2749421	EV-C	Enterovirus C105	KM880098.1
2749421	EV-C	Enterovirus C105	PV005822.1
861519	EV-C	Enterovirus C109	PP756366.1
2691036	EV-C	Enterovirus C113	KC344834.1
1134340	EV-C	Enterovirus C116	ON809572.1
1134340	EV-C	Enterovirus C116	PQ119791.1
2760819	EV-C	Enterovirus C117	JX262382.1
2760819	EV-C	Enterovirus C117	JX560527.1
2760820	EV-C	Enterovirus C118	JX961709.1
325445	EV-C	Enterovirus C96	EF015886.1
325445	EV-C	Enterovirus C96	FJ751914.1
325445	EV-C	Enterovirus C96	FJ751915.1
325445	EV-C	Enterovirus C96	HQ415759.1
325445	EV-C	Enterovirus C96	KF495604.1
325445	EV-C	Enterovirus C96	KP984753.1
325445	EV-C	Enterovirus C96	KP984754.1
325445	EV-C	Enterovirus C96	KR919804.1
325445	EV-C	Enterovirus C96	MG571853.1
325445	EV-C	Enterovirus C96	MH484165.1
325445	EV-C	Enterovirus C96	MK512666.1
325445	EV-C	Enterovirus C96	MK512667.1
325445	EV-C	Enterovirus C96	MK512668.1
325445	EV-C	Enterovirus C96	MK652144.1
325445	EV-C	Enterovirus C96	OQ829421.1
325445	EV-C	Enterovirus C96	PQ889408.1
1295563	EV-C	Enterovirus C99	EF015008.1
1295563	EV-C	Enterovirus C99	EF015009.1
1295563	EV-C	Enterovirus C99	EF015010.1
1295563	EV-C	Enterovirus C99	EF015011.1
1295563	EV-C	Enterovirus C99	EF015012.1
1295563	EV-C	Enterovirus C99	JF260926.1
1295563	EV-C	Enterovirus C99	KJ857507.1
1295563	EV-C	Enterovirus C99	LS451300.1
1295563	EV-C	Enterovirus C99	LS451301.1
1295563	EV-C	Enterovirus C99	MH484164.1
1295563	EV-C	Enterovirus C99	MH484166.1
1295563	EV-C	Enterovirus C99	MK689071.1
1295563	EV-C	Enterovirus C99	MN918613.1
1295563	EV-C	Enterovirus C99	OK570194.1
1295563	EV-C	Enterovirus C99	OK570210.1
1295563	EV-C	Enterovirus C99	OK570231.1
1295563	EV-C	Enterovirus C99	ON383157.1
1295563	EV-C	Enterovirus C99	PP497091.1
1295563	EV-C	Enterovirus C99	PP711779.1
12080	EV-C	Poliovirus 1	NC_002058.3
12080	EV-C	Poliovirus 1	AY056703.2
12080	EV-C	Poliovirus 1	AY278553.1
12080	EV-C	Poliovirus 1	AY518703.1
12080	EV-C	Poliovirus 1	FV537075.1
12080	EV-C	Poliovirus 1	FV537076.1
12080	EV-C	Poliovirus 1	KC880367.1
12080	EV-C	Poliovirus 1	KF537633.1
12080	EV-C	Poliovirus 1	KJ019833.1
12080	EV-C	Poliovirus 1	KX162692.1
12080	EV-C	Poliovirus 1	KX162708.1
12080	EV-C	Poliovirus 1	KX162709.1
12080	EV-C	Poliovirus 1	OP828752.1
12080	EV-C	Poliovirus 1	OR129532.1
12083	EV-C	Poliovirus 2	AF448783.1
12083	EV-C	Poliovirus 2	AM040037.1
12083	EV-C	Poliovirus 2	DQ890388.1
12083	EV-C	Poliovirus 2	GU390707.1
12083	EV-C	Poliovirus 2	JX274998.2
12083	EV-C	Poliovirus 2	KC784368.1
12083	EV-C	Poliovirus 2	KU372652.1
12083	EV-C	Poliovirus 2	KX162712.1
12083	EV-C	Poliovirus 2	MG212489.1
12083	EV-C	Poliovirus 2	PQ824227.1
12083	EV-C	Poliovirus 2	PU749305.1
12086	EV-C	Poliovirus 3	AJ293918.1
12086	EV-C	Poliovirus 3	AY421739.1
12086	EV-C	Poliovirus 3	FJ842158.1
12086	EV-C	Poliovirus 3	KY941933.1
12086	EV-C	Poliovirus 3	KY941934.1
12086	EV-C	Poliovirus 3	OP137275.1
12086	EV-C	Poliovirus 3	OP137284.1
12086	EV-C	Poliovirus 3	OP137293.1
12086	EV-C	Poliovirus 3	OP137312.1
12086	EV-C	Poliovirus 3	OP137315.1
12086	EV-C	Poliovirus 3	OP137322.1
138951	EV-D	Enterovirus D	MK032896.1
138951	EV-D	Enterovirus D	MK032897.1
138951	EV-D	Enterovirus D	NC_001430.1
1141754	EV-D	Enterovirus D111	MT081371.1
42789	EV-D	Enterovirus D68	MN259108.1
42789	EV-D	Enterovirus D68	MW567157.1
42789	EV-D	Enterovirus D68	NC_038308.1
12090	EV-D	Enterovirus D70	FV536991.1
12090	EV-D	Enterovirus D70	FV536993.1
12090	EV-D	Enterovirus D70	FV536994.1
12090	EV-D	Enterovirus D70	FV536996.1
12090	EV-D	Enterovirus D70	FV536999.1
12090	EV-D	Enterovirus D70	FV537000.1
12090	EV-D	Enterovirus D70	FV537003.1
12090	EV-D	Enterovirus D70	FV537004.1
2015550	EV-D	Enterovirus D94	DQ916376.1
2015550	EV-D	Enterovirus D94	EF107097.1
2015550	EV-D	Enterovirus D94	MW384880.1
169066	RV	Rhinovirus Sp.	KY094056.1
169066	RV	Rhinovirus Sp.	KY094061.1
147711	RV-A	Rhinovirus A	JF285324.1
147711	RV-A	Rhinovirus A	JN562727.1
147711	RV-A	Rhinovirus A	JN621243.1
147711	RV-A	Rhinovirus A	JN798579.1
147711	RV-A	Rhinovirus A	JN798587.1
147711	RV-A	Rhinovirus A	JN990705.1
147711	RV-A	Rhinovirus A	JX074049.1
147711	RV-A	Rhinovirus A	KR871675.1
147711	RV-A	Rhinovirus A	MH828515.1
147711	RV-A	Rhinovirus A	MK501733.1
147711	RV-A	Rhinovirus A	MK989734.1
147711	RV-A	Rhinovirus A	MW587056.1
147711	RV-A	Rhinovirus A	MW587065.1
147711	RV-A	Rhinovirus A	MW587073.1
147711	RV-A	Rhinovirus A	MW587079.1
147711	RV-A	Rhinovirus A	MW587081.1
147711	RV-A	Rhinovirus A	MW587093.1
147711	RV-A	Rhinovirus A	MW587094.1
147711	RV-A	Rhinovirus A	MW679008.1
147711	RV-A	Rhinovirus A	NC_001617.1
147711	RV-A	Rhinovirus A	OP342708.1
147711	RV-A	Rhinovirus A	OQ747182.1
147711	RV-A	Rhinovirus A	PP991506.1
147711	RV-A	Rhinovirus A	PP991508.1
147711	RV-A	Rhinovirus A	PV423891.1
147711	RV-A	Rhinovirus A	PV423925.1
147711	RV-A	Rhinovirus A	PV423936.1
147711	RV-A	Rhinovirus A	PV423965.1
147711	RV-A	Rhinovirus A	PV423971.1
147711	RV-A	Rhinovirus A	PV423980.1
147711	RV-A	Rhinovirus A	PV423981.1
147711	RV-A	Rhinovirus A	PV423988.1
147711	RV-A	Rhinovirus A	PX282684.1
147711	RV-A	Rhinovirus A	PX282704.1
147711	RV-A	Rhinovirus A	PX282722.1
147711	RV-A	Rhinovirus A	PX282741.1
573824	RV-A	Rhinovirus A1	NC_038311.1
185892	RV-A	Rhinovirus A10	OP342741.1
185946	RV-A	Rhinovirus A100	FJ445175.1
1219381	RV-A	Rhinovirus A101	OL638458.1
1033850	RV-A	Rhinovirus A103	ON729328.1
2777143	RV-A	Rhinovirus A105	LC857136.1
2777144	RV-A	Rhinovirus A106	PQ525432.1
39767	RV-A	Rhinovirus A11	ON311263.1
147684	RV-A	Rhinovirus A12	OP342738.1
185894	RV-A	Rhinovirus A15	LC756673.1
12130	RV-A	Rhinovirus A2	MN749152.1
12130	RV-A	Rhinovirus A2	OR296618.1
147675	RV-A	Rhinovirus A20	FJ445120.1
147675	RV-A	Rhinovirus A20	MZ460693.1
185896	RV-A	Rhinovirus A22	OM001446.1
185897	RV-A	Rhinovirus A24	FJ445190.1
185898	RV-A	Rhinovirus A25	MN306057.1
185898	RV-A	Rhinovirus A25	OM001445.1
147672	RV-A	Rhinovirus A28	DQ473508.1
147672	RV-A	Rhinovirus A28	MZ629129.1
44129	RV-A	Rhinovirus A29	FJ445125.1
44129	RV-A	Rhinovirus A29	MZ670586.1
44129	RV-A	Rhinovirus A29	OK649364.1
44129	RV-A	Rhinovirus A29	PP187398.1
185901	RV-A	Rhinovirus A30	DQ473512.1
185902	RV-A	Rhinovirus A31	FJ445126.1
185903	RV-A	Rhinovirus A32	FJ445127.1
185907	RV-A	Rhinovirus A39	MZ835619.1
185908	RV-A	Rhinovirus A40	FJ445129.1
185909	RV-A	Rhinovirus A41	DQ473491.1
185909	RV-A	Rhinovirus A41	MN369037.1
167321	RV-A	Rhinovirus A43	FJ445131.1
185911	RV-A	Rhinovirus A47	FJ445133.1
44132	RV-A	Rhinovirus A50	FJ445135.1
185912	RV-A	Rhinovirus A51	OP342725.1
185915	RV-A	Rhinovirus A55	PP187403.1
185916	RV-A	Rhinovirus A56	FJ445140.1
185916	RV-A	Rhinovirus A56	OP342720.1
185917	RV-A	Rhinovirus A57	FJ445141.1
44133	RV-A	Rhinovirus A58	OL638449.1
185918	RV-A	Rhinovirus A59	KY629935.1
185919	RV-A	Rhinovirus A60	ON729329.1
185920	RV-A	Rhinovirus A61	ON881122.1
185921	RV-A	Rhinovirus A63	ON311215.1
185923	RV-A	Rhinovirus A66	MN749158.1
185924	RV-A	Rhinovirus A67	OK539494.1
185925	RV-A	Rhinovirus A68	FJ445150.1
185925	RV-A	Rhinovirus A68	PQ671696.1
44136	RV-A	Rhinovirus A7	PP187394.1
185929	RV-A	Rhinovirus A74	DQ473494.1
185930	RV-A	Rhinovirus A75	DQ473510.1
147685	RV-A	Rhinovirus A78	OK181475.1
185934	RV-A	Rhinovirus A80	FJ445156.1
185935	RV-A	Rhinovirus A81	FJ445157.1
185935	RV-A	Rhinovirus A81	FJ445159.1
185937	RV-A	Rhinovirus A85	OK161391.1
185939	RV-A	Rhinovirus A88	DQ473504.1
12132	RV-A	Rhinovirus A89	FV537062.1
12132	RV-A	Rhinovirus A89	FV537064.1
185891	RV-A	Rhinovirus A9	OL770292.1
185940	RV-A	Rhinovirus A90	FJ445167.1
185941	RV-A	Rhinovirus A94	ON729330.1
185943	RV-A	Rhinovirus A96	FJ445171.1
147712	RV-B	Rhinovirus B	GU568096.2
147712	RV-B	Rhinovirus B	HQ123445.1
147712	RV-B	Rhinovirus B	JN798572.1
147712	RV-B	Rhinovirus B	KF958309.1
147712	RV-B	Rhinovirus B	KX348030.1
147712	RV-B	Rhinovirus B	MH899592.1
147712	RV-B	Rhinovirus B	MW587052.1
147712	RV-B	Rhinovirus B	ON989189.1
147712	RV-B	Rhinovirus B	OQ536578.1
147712	RV-B	Rhinovirus B	PV423942.1
147712	RV-B	Rhinovirus B	PV423946.1
147712	RV-B	Rhinovirus B	PV423993.1
2777136	RV-B	Rhinovirus B100	MZ629139.1
2777137	RV-B	Rhinovirus B101	MN369044.1
2777138	RV-B	Rhinovirus B102	JX074053.1
12131	RV-B	Rhinovirus B14	FV537066.1
12131	RV-B	Rhinovirus B14	FV537068.1
12131	RV-B	Rhinovirus B14	MN306034.1
12131	RV-B	Rhinovirus B14	NC_001490.1
150904	RV-B	Rhinovirus B17	EF173420.1
185899	RV-B	Rhinovirus B26	FJ445124.1
44130	RV-B	Rhinovirus B3	MF118142.1
44130	RV-B	Rhinovirus B3	NC_038312.1
167329	RV-B	Rhinovirus B35	FJ445187.1
147679	RV-B	Rhinovirus B48	DQ473488.1
147714	RV-B	Rhinovirus B5	FJ445112.1
147677	RV-B	Rhinovirus B52	FJ445188.1
147677	RV-B	Rhinovirus B52	ON881124.1
147681	RV-B	Rhinovirus B6	DQ473486.1
147681	RV-B	Rhinovirus B6	MZ835613.1
147678	RV-B	Rhinovirus B69	PQ663659.1
185926	RV-B	Rhinovirus B70	DQ473489.1
185926	RV-B	Rhinovirus B70	KY369902.1
44137	RV-B	Rhinovirus B72	FJ445153.1
185933	RV-B	Rhinovirus B79	FJ445155.1
185936	RV-B	Rhinovirus B83	PP194035.1
167328	RV-B	Rhinovirus B84	FJ445162.1
185938	RV-B	Rhinovirus B86	FJ445164.1
167325	RV-B	Rhinovirus B91	OL961542.1
167326	RV-B	Rhinovirus B92	PP194095.1
167327	RV-B	Rhinovirus B93	EF173425.1
185945	RV-B	Rhinovirus B99	FJ445174.1
463676	RV-C	Rhinovirus C	JF317013.1
463676	RV-C	Rhinovirus C	JF317017.1
463676	RV-C	Rhinovirus C	JF907574.1
463676	RV-C	Rhinovirus C	JN205461.1
463676	RV-C	Rhinovirus C	JN815251.1
463676	RV-C	Rhinovirus C	JN837691.1
463676	RV-C	Rhinovirus C	JX025557.1
463676	RV-C	Rhinovirus C	KP890664.1
463676	RV-C	Rhinovirus C	KX348031.1
463676	RV-C	Rhinovirus C	KY189319.1
463676	RV-C	Rhinovirus C	KY189320.1
463676	RV-C	Rhinovirus C	KY348786.1
463676	RV-C	Rhinovirus C	KY369880.1
463676	RV-C	Rhinovirus C	MH685696.1
463676	RV-C	Rhinovirus C	MH685707.1
463676	RV-C	Rhinovirus C	MH828518.1
463676	RV-C	Rhinovirus C	MH828521.1
463676	RV-C	Rhinovirus C	MK989751.1
463676	RV-C	Rhinovirus C	MK989752.1
463676	RV-C	Rhinovirus C	MK989757.1
463676	RV-C	Rhinovirus C	MK989758.1
463676	RV-C	Rhinovirus C	MN306035.1
463676	RV-C	Rhinovirus C	MN369031.1
463676	RV-C	Rhinovirus C	NC_009996.1
463676	RV-C	Rhinovirus C	ON311153.1
463676	RV-C	Rhinovirus C	ON311178.1
463676	RV-C	Rhinovirus C	OZ075163.1
463676	RV-C	Rhinovirus C	OZ075204.1
463676	RV-C	Rhinovirus C	PV423904.1
463676	RV-C	Rhinovirus C	PV423906.1
463676	RV-C	Rhinovirus C	PV423987.1
463676	RV-C	Rhinovirus C	PX282776.1
463676	RV-C	Rhinovirus C	PX282784.1
1219419	RV-C	Rhinovirus C10	GQ323774.1
1240004	RV-C	Rhinovirus C11	MZ268659.1
2777132	RV-C	Rhinovirus C13	MZ268675.1
2777132	RV-C	Rhinovirus C13	OQ116581.1
2045065	RV-C	Rhinovirus C16	PQ525433.1
1219404	RV-C	Rhinovirus C17	LC889323.1
1219404	RV-C	Rhinovirus C17	OR726586.1
1418065	RV-C	Rhinovirus C18	PP194065.1
1418062	RV-C	Rhinovirus C20	MZ322918.1
1418070	RV-C	Rhinovirus C22	OP342696.1
2045067	RV-C	Rhinovirus C23	MZ540948.1
2045068	RV-C	Rhinovirus C24	OP342695.1
1418042	RV-C	Rhinovirus C28	OK017915.1
2045071	RV-C	Rhinovirus C29	PP194077.1
1219377	RV-C	Rhinovirus C3	MZ427505.1
2045072	RV-C	Rhinovirus C30	PQ541388.1
2045074	RV-C	Rhinovirus C33	OM001346.1
1418041	RV-C	Rhinovirus C36	OK017953.1
1418041	RV-C	Rhinovirus C36	OP342692.1
2045078	RV-C	Rhinovirus C41	PQ628106.1
1219407	RV-C	Rhinovirus C42	MZ268709.1
1219413	RV-C	Rhinovirus C43	ON311156.1
2045079	RV-C	Rhinovirus C44	MZ153259.1
2035045	RV-C	Rhinovirus C47	MF806525.1
2777135	RV-C	Rhinovirus C50	KF688606.1
2777131	RV-C	Rhinovirus C51	JF317015.1
2032983	RV-C	Rhinovirus C53	MF775367.1
1604833	RV-C	Rhinovirus C54	KP282614.1
2555550	RV-C	Rhinovirus C55	LC720415.1
2094116	RV-C	Rhinovirus C56	MG950178.1
1219378	RV-C	Rhinovirus C6	MZ460694.1
1219379	RV-C	Rhinovirus C7	DQ875932.2
1220265	RV-C	Rhinovirus C9	MZ363422.1
992230	RV-C	Rhinovirus Nat001	NC_038878.1
